08.11.2020,17
06.09.2020,11
28.08.2020,13
26.10.2020,44
28.09.2020,4
15.12.2020,65
09.12.2020,55
14.10.2020,8
01.11.2020,28
21.09.2020,5
21.08.2020,3
13.09.2020,1
19.12.2020,41
24.08.2020,12
04.10.2020,2
04.11.2020,47
18.10.2020,14
16.09.2020,1
18.11.2020,39
05.12.2020,37
23.11.2020,21
23.10.2020,29
11.11.2020,19
11.10.2020,0
22.12.2020,25
21.12.2020,34
12.10.2020,14
13.12.2020,22
20.11.2020,32
20.10.2020,32
06.12.2020,18
07.10.2020,15
09.09.2020,11
07.11.2020,30
27.09.2020,3
29.11.2020,30
30.10.2020,54
30.11.2020,16
22.09.2020,8
22.08.2020,3
02.10.2020,8
02.11.2020,66
17.11.2020,16
19.09.2020,7
17.10.2020,13
16.12.2020,55
25.11.2020,38
25.10.2020,19
05.09.2020,8
23.12.2020,44
10.10.2020,16
10.11.2020,32
30.09.2020,7
30.08.2020,11
11.12.2020,52
22.11.2020,12
02.09.2020,3
19.10.2020,20
04.12.2020,39
25.08.2020,3
25.09.2020,13
18.12.2020,59
05.10.2020,2
01.12.2020,33
12.09.2020,2
20.09.2020,3
26.12.2020,28
15.11.2020,18
09.10.2020,18
07.09.2020,1
09.11.2020,18
14.12.2020,41
29.09.2020,6
27.10.2020,46
27.11.2020,40
29.08.2020,34
24.10.2020,31
24.11.2020,28
04.09.2020,8
16.10.2020,26
18.09.2020,16
16.11.2020,19
25.12.2020,36
23.08.2020,2
23.09.2020,10
03.11.2020,40
03.10.2020,11
11.09.2020,1
06.11.2020,34
08.09.2020,1
06.10.2020,1
26.08.2020,8
28.11.2020,84
28.10.2020,72
26.09.2020,7
07.12.2020,45
14.09.2020,7
01.09.2020,5
21.10.2020,21
21.11.2020,29
13.10.2020,12
13.11.2020,24
20.12.2020,26
27.12.2020,7
27.12.2020,7
